filename,label
100000.jpg,cat
100100.jpg,cat
100200.jpg,cat
100300.jpg,dog
100400.jpg,cat
100500.jpg,cat
100600.jpg,cat
100700.jpg,dog
100800.jpg,cat
100900.jpg,dog
101000.jpg,dog
101100.jpg,cat
101200.jpg,dog
101300.jpg,cat
101400.jpg,cat
101500.jpg,dog
101600.jpg,cat
101700.jpg,cat
101800.jpg,dog
101900.jpg,cat
102000.jpg,cat
102100.jpg,cat
102200.jpg,dog
102300.jpg,cat
102400.jpg,cat
102500.jpg,cat
102600.jpg,cat
102700.jpg,cat
102800.jpg,dog
102900.jpg,cat
103000.jpg,cat
103100.jpg,dog
103200.jpg,cat
103300.jpg,dog
103400.jpg,dog
103500.jpg,cat
103600.jpg,cat
103700.jpg,cat
103800.jpg,cat
103900.jpg,cat
104000.jpg,cat
104100.jpg,cat
104200.jpg,dog
104300.jpg,cat
104400.jpg,dog
104500.jpg,dog
104600.jpg,cat
104700.jpg,cat
104800.jpg,cat
104900.jpg,cat
105000.jpg,cat
105100.jpg,dog
105200.jpg,cat
105300.jpg,dog
105400.jpg,dog
105500.jpg,cat
105600.jpg,cat
105700.jpg,cat
105800.jpg,cat
105900.jpg,dog
106000.jpg,dog
106100.jpg,cat
106200.jpg,dog
106300.jpg,dog
106400.jpg,dog
106500.jpg,dog
106600.jpg,cat
106700.jpg,cat
106800.jpg,cat
106900.jpg,cat
107000.jpg,cat
107100.jpg,cat
107200.jpg,cat
107300.jpg,cat
107400.jpg,cat
107500.jpg,cat
107600.jpg,dog
107700.jpg,cat
107800.jpg,dog
107900.jpg,cat
108000.jpg,dog
108100.jpg,dog
108200.jpg,panda
108300.jpg,cat
108400.jpg,cat
108500.jpg,cat
108600.jpg,cat
108700.jpg,cat
108800.jpg,cat
108900.jpg,cat
109000.jpg,cat
109100.jpg,cat
109200.jpg,cat
109300.jpg,cat
109400.jpg,cat
109500.jpg,dog
109600.jpg,cat
109700.jpg,cat
109800.jpg,cat
109900.jpg,dog
110000.jpg,cat
110100.jpg,cat
110200.jpg,cat
110300.jpg,cat
110400.jpg,dog
110500.jpg,cat
110600.jpg,cat
110700.jpg,cat
110800.jpg,cat
110900.jpg,cat
111000.jpg,cat
111100.jpg,cat
111200.jpg,cat
111300.jpg,cat
111400.jpg,cat
111500.jpg,cat
111600.jpg,dog
111700.jpg,cat
111800.jpg,cat
111900.jpg,cat
112000.jpg,cat
112100.jpg,cat
112200.jpg,panda
112300.jpg,panda
112400.jpg,cat
112500.jpg,cat
112600.jpg,cat
112700.jpg,panda
112800.jpg,cat
112900.jpg,dog
113000.jpg,cat
113100.jpg,cat
113200.jpg,cat
113300.jpg,cat
113400.jpg,cat
113500.jpg,cat
113600.jpg,cat
113700.jpg,cat
113800.jpg,cat
113900.jpg,cat
114000.jpg,dog
114100.jpg,dog
114200.jpg,panda
114300.jpg,dog
114400.jpg,cat
114500.jpg,dog
114600.jpg,cat
114700.jpg,cat
114800.jpg,cat
114900.jpg,cat
115000.jpg,cat
115100.jpg,cat
115200.jpg,cat
115300.jpg,cat
115400.jpg,cat
115500.jpg,cat
115600.jpg,cat
115700.jpg,cat
115800.jpg,cat
115900.jpg,cat
116000.jpg,dog
116100.jpg,cat
116200.jpg,dog
116300.jpg,cat
116400.jpg,dog
116500.jpg,cat
116600.jpg,cat
116700.jpg,cat
116800.jpg,cat
116900.jpg,dog
117000.jpg,dog
117100.jpg,cat
117200.jpg,cat
117300.jpg,cat
117400.jpg,cat
117500.jpg,cat
117600.jpg,dog
117700.jpg,cat
117800.jpg,cat
117900.jpg,cat
118000.jpg,cat
118100.jpg,cat
118200.jpg,cat
118300.jpg,cat
118400.jpg,cat
118500.jpg,cat
118600.jpg,cat
118700.jpg,cat
118800.jpg,cat
118900.jpg,cat
119000.jpg,dog
119100.jpg,dog
119200.jpg,cat
119300.jpg,cat
119400.jpg,dog
119500.jpg,dog
119600.jpg,cat
119700.jpg,dog
119800.jpg,cat
119900.jpg,dog
120000.jpg,dog
120100.jpg,panda
120200.jpg,cat
120300.jpg,cat
120400.jpg,panda
120500.jpg,dog
120600.jpg,dog
120700.jpg,cat
120800.jpg,cat
120900.jpg,dog
121000.jpg,dog
121100.jpg,dog
121200.jpg,dog
121300.jpg,dog
121400.jpg,cat
121500.jpg,dog
121600.jpg,dog
121700.jpg,dog
121800.jpg,cat
121900.jpg,dog
122000.jpg,dog
122100.jpg,dog
122200.jpg,cat
122300.jpg,dog
122400.jpg,dog
122500.jpg,panda
122600.jpg,dog
122700.jpg,dog
122800.jpg,dog
122900.jpg,dog
123000.jpg,cat
123100.jpg,dog
123200.jpg,cat
123300.jpg,cat
123400.jpg,panda
123500.jpg,cat
123600.jpg,cat
123700.jpg,dog
123800.jpg,dog
123900.jpg,cat
124000.jpg,cat
124100.jpg,cat
124200.jpg,dog
124300.jpg,dog
124400.jpg,dog
124500.jpg,dog
124600.jpg,dog
124700.jpg,cat
124800.jpg,dog
124900.jpg,cat
125000.jpg,dog
125100.jpg,dog
125200.jpg,dog
125300.jpg,cat
125400.jpg,dog
125500.jpg,cat
125600.jpg,dog
125700.jpg,dog
125800.jpg,dog
125900.jpg,cat
126000.jpg,cat
126100.jpg,cat
126200.jpg,cat
126300.jpg,dog
126400.jpg,cat
126500.jpg,cat
126600.jpg,cat
126700.jpg,cat
126800.jpg,dog
126900.jpg,dog
127000.jpg,dog
127100.jpg,cat
127200.jpg,dog
127300.jpg,cat
127400.jpg,cat
127500.jpg,dog
127600.jpg,cat
127700.jpg,cat
127800.jpg,dog
127900.jpg,dog
128000.jpg,cat
128100.jpg,panda
128200.jpg,panda
128300.jpg,dog
128400.jpg,dog
128500.jpg,cat
128600.jpg,cat
128700.jpg,dog
128800.jpg,dog
128900.jpg,dog
129000.jpg,cat
129100.jpg,cat
129200.jpg,cat
129300.jpg,dog
129400.jpg,dog
129500.jpg,dog
129600.jpg,cat
129700.jpg,dog
129800.jpg,dog
129900.jpg,dog
130000.jpg,dog
130100.jpg,dog
130200.jpg,cat
130300.jpg,cat
130400.jpg,dog
130500.jpg,dog
130600.jpg,dog
130700.jpg,cat
130800.jpg,dog
130900.jpg,dog
131000.jpg,dog
131100.jpg,dog
131200.jpg,cat
131300.jpg,dog
131400.jpg,dog
131500.jpg,dog
131600.jpg,dog
131700.jpg,cat
131800.jpg,dog
131900.jpg,cat
132000.jpg,dog
132100.jpg,dog
132200.jpg,cat
132300.jpg,dog
132400.jpg,dog
132500.jpg,cat
132600.jpg,dog
132700.jpg,cat
132800.jpg,dog
132900.jpg,dog
133000.jpg,dog
133100.jpg,dog
133200.jpg,cat
133300.jpg,dog
133400.jpg,dog
133500.jpg,dog
133600.jpg,dog
133700.jpg,dog
133800.jpg,cat
133900.jpg,dog
134000.jpg,dog
134100.jpg,cat
134200.jpg,dog
134300.jpg,cat
134400.jpg,cat
134500.jpg,dog
134600.jpg,dog
134700.jpg,cat
134800.jpg,cat
134900.jpg,cat
135000.jpg,dog
135100.jpg,dog
135200.jpg,dog
135300.jpg,dog
135400.jpg,dog
135500.jpg,dog
135600.jpg,dog
135700.jpg,dog
135800.jpg,dog
135900.jpg,dog
136000.jpg,dog
136100.jpg,dog
136200.jpg,dog
136300.jpg,dog
136400.jpg,dog
136500.jpg,cat
136600.jpg,dog
136700.jpg,cat
136800.jpg,cat
136900.jpg,dog
137000.jpg,cat
137100.jpg,cat
137200.jpg,dog
137300.jpg,cat
137400.jpg,dog
137500.jpg,cat
137600.jpg,dog
137700.jpg,cat
137800.jpg,cat
137900.jpg,dog
138000.jpg,cat
138100.jpg,dog
138200.jpg,cat
138300.jpg,dog
138400.jpg,dog
138500.jpg,cat
138600.jpg,dog
138700.jpg,dog
138800.jpg,dog
138900.jpg,dog
139000.jpg,dog
139100.jpg,cat
139200.jpg,dog
139300.jpg,cat
139400.jpg,cat
139500.jpg,dog
139600.jpg,cat
139700.jpg,dog
139800.jpg,cat
139900.jpg,cat
140000.jpg,panda
140100.jpg,panda
140200.jpg,panda
140300.jpg,panda
140400.jpg,panda
140500.jpg,panda
140600.jpg,panda
140700.jpg,panda
140800.jpg,panda
140900.jpg,panda
141000.jpg,panda
141100.jpg,panda
141200.jpg,panda
141300.jpg,panda
141400.jpg,panda
141500.jpg,panda
141600.jpg,panda
141700.jpg,panda
141800.jpg,panda
141900.jpg,panda
142000.jpg,panda
142100.jpg,panda
142200.jpg,panda
142300.jpg,panda
142400.jpg,panda
142500.jpg,panda
142600.jpg,panda
142700.jpg,panda
142800.jpg,panda
142900.jpg,panda
143000.jpg,panda
143100.jpg,panda
143200.jpg,panda
143300.jpg,panda
143400.jpg,cat
143500.jpg,panda
143600.jpg,panda
143700.jpg,panda
143800.jpg,panda
143900.jpg,panda
144000.jpg,panda
144100.jpg,panda
144200.jpg,panda
144300.jpg,panda
144400.jpg,cat
144500.jpg,panda
144600.jpg,panda
144700.jpg,panda
144800.jpg,panda
144900.jpg,panda
145000.jpg,panda
145100.jpg,panda
145200.jpg,panda
145300.jpg,dog
145400.jpg,panda
145500.jpg,panda
145600.jpg,panda
145700.jpg,panda
145800.jpg,panda
145900.jpg,panda
146000.jpg,panda
146100.jpg,panda
146200.jpg,panda
146300.jpg,cat
146400.jpg,panda
146500.jpg,panda
146600.jpg,panda
146700.jpg,dog
146800.jpg,panda
146900.jpg,panda
147000.jpg,panda
147100.jpg,panda
147200.jpg,panda
147300.jpg,dog
147400.jpg,panda
147500.jpg,panda
147600.jpg,panda
147700.jpg,panda
147800.jpg,panda
147900.jpg,panda
148000.jpg,panda
148100.jpg,panda
148200.jpg,panda
148300.jpg,panda
148400.jpg,cat
148500.jpg,panda
148600.jpg,panda
148700.jpg,panda
148800.jpg,panda
148900.jpg,panda
149000.jpg,panda
149100.jpg,panda
149200.jpg,panda
149300.jpg,panda
149400.jpg,cat
149500.jpg,panda
149600.jpg,panda
149700.jpg,panda
149800.jpg,panda
149900.jpg,panda
150000.jpg,panda
150100.jpg,panda
150200.jpg,panda
150300.jpg,panda
150400.jpg,panda
150500.jpg,panda
150600.jpg,panda
150700.jpg,panda
150800.jpg,panda
150900.jpg,panda
151000.jpg,panda
151100.jpg,panda
151200.jpg,panda
151300.jpg,panda
151400.jpg,panda
151500.jpg,panda
151600.jpg,panda
151700.jpg,panda
151800.jpg,panda
151900.jpg,panda
152000.jpg,panda
152100.jpg,panda
152200.jpg,cat
152300.jpg,panda
152400.jpg,panda
152500.jpg,panda
152600.jpg,panda
152700.jpg,panda
152800.jpg,dog
152900.jpg,panda
153000.jpg,panda
153100.jpg,panda
153200.jpg,panda
153300.jpg,panda
153400.jpg,dog
153500.jpg,panda
153600.jpg,dog
153700.jpg,panda
153800.jpg,panda
153900.jpg,panda
154000.jpg,panda
154100.jpg,panda
154200.jpg,panda
154300.jpg,panda
154400.jpg,panda
154500.jpg,panda
154600.jpg,panda
154700.jpg,panda
154800.jpg,panda
154900.jpg,panda
155000.jpg,panda
155100.jpg,panda
155200.jpg,panda
155300.jpg,panda
155400.jpg,cat
155500.jpg,panda
155600.jpg,panda
155700.jpg,cat
155800.jpg,panda
155900.jpg,panda
156000.jpg,panda
156100.jpg,panda
156200.jpg,panda
156300.jpg,panda
156400.jpg,panda
156500.jpg,panda
156600.jpg,panda
156700.jpg,dog
156800.jpg,panda
156900.jpg,dog
157000.jpg,cat
157100.jpg,panda
157200.jpg,panda
157300.jpg,cat
157400.jpg,panda
157500.jpg,panda
157600.jpg,panda
157700.jpg,panda
157800.jpg,panda
157900.jpg,panda
158000.jpg,panda
158100.jpg,panda
158200.jpg,panda
158300.jpg,panda
158400.jpg,panda
158500.jpg,panda
158600.jpg,panda
158700.jpg,panda
158800.jpg,panda
158900.jpg,dog
159000.jpg,panda
159100.jpg,panda
159200.jpg,panda
159300.jpg,panda
159400.jpg,panda
159500.jpg,panda
159600.jpg,panda
159700.jpg,panda
159800.jpg,panda
159900.jpg,panda
